"","pop_total","phones_p100","children_p_woman","life_exp_yrs","urban_pop_tot","corruption_CPI","internet_%of_pop","child_mort_p1000"
"pop_total",1,-0.0322522295709025,-0.0553188117714735,0.00677746230565875,0.955980546417353,-0.0573534013797475,-0.0437523369817149,-0.00251563816802731
"phones_p100",-0.0322522295709025,1,-0.566344216323966,0.561965997888601,0.0111610404081531,0.321726908306824,0.605430922716674,-0.579034799834729
"children_p_woman",-0.0553188117714735,-0.566344216323966,1,-0.794448689285777,-0.103977705933876,-0.480635903654475,-0.780137472644783,0.867979510707988
"life_exp_yrs",0.00677746230565875,0.561965997888601,-0.794448689285777,1,0.0705292435747408,0.550679937870552,0.837277568808059,-0.858550873038921
"urban_pop_tot",0.955980546417353,0.0111610404081531,-0.103977705933876,0.0705292435747408,1,-0.0211678272796859,0.025307662358628,-0.063505625607761
"corruption_CPI",-0.0573534013797475,0.321726908306824,-0.480635903654475,0.550679937870552,-0.0211678272796859,1,0.632289526330938,-0.522082817308943
"internet_%of_pop",-0.0437523369817149,0.605430922716674,-0.780137472644783,0.837277568808059,0.025307662358628,0.632289526330938,1,-0.79540614213265
"child_mort_p1000",-0.00251563816802731,-0.579034799834729,0.867979510707988,-0.858550873038921,-0.063505625607761,-0.522082817308943,-0.79540614213265,1
